KadinCalisma;KadinCalismaSuresi;l_KadinCalSure;cocsay6yaskucuk;cocsay618yas;KadinYasi;KadinEgitim;KadinSaatUcreti;KocaCalSuresi;KocaYasi;KocaEgitimi;KocaMaasi;AileGeliri;KadinVergiOrani;KadinAnneEgt;KadinBabaEgt;KentteIssizlikOrani;BuyukKentteMiYasiyor;OncekiIsDeneyimi
1;1610;7,383989458;1;0;32;12;3,354;2708;34;12;4,0288;16310;,7215;12;7;5;0;14
1;1656;7,412160335;0;2;30;12;1,3889;2310;30;9;8,4416;21800;,6615;7;7;11;1;5
1;1980;7,590852124;1;3;35;12;4,5455;3072;40;12;3,5807;21040;,6915;12;7;5;0;15
1;456;6,12249281;0;3;34;12;1,0965;1920;53;10;3,5417;7300;,7815;7;7;5;0;6
1;1568;7,357556201;1;2;31;14;4,5918;2000;32;12;10;27300;,6215;12;14;9,5;1;7
1;2032;7,616775809;0;0;54;12;4,7421;1040;57;11;6,7106;19495;,6915;14;7;7,5;1;33
1;1440;7,272398393;0;2;37;16;8,3333;2670;37;12;3,4277;21152;,6915;14;7;5;0;11
1;1020;6,927557906;0;0;54;12;7,8431;4120;53;8;2,5485;18900;,6915;3;3;5;0;35
1;1458;7,284820913;0;2;48;12;2,1262;1995;52;4;4,2206;20405;,7515;7;7;3;0;24
1;1600;7,377758908;0;2;39;12;4,6875;2100;43;12;5,7143;20425;,6915;7;7;5;0;21
1;1969;7,585281079;0;1;33;12;4,063;2450;34;12;9,7959;32300;,5815;12;3;5;0;15
1;1960;7,580699752;0;1;42;11;4,5918;2375;47;14;8;28700;,6215;14;7;5;0;14
1;240;5,480638923;1;2;30;12;2,0833;2830;33;16;5,3004;15500;,7215;16;16;5;0;0
1;997;6,90475077;0;2;43;12;2,2668;3317;46;12;4,3413;16860;,7215;10;10;7,5;1;14
1;1848;7,521859252;0;1;43;10;3,6797;2024;45;17;10,87;31431;,5815;7;7;7,5;1;6
1;1224;7,109879463;0;3;35;11;1,3472;1694;38;12;9,1499;19180;,7215;16;10;7,5;1;9
1;1400;7,244227516;0;2;43;12;3,2143;2156;45;12;6,1224;18600;,6915;10;7;7,5;1;20
1;640;6,461468176;0;5;39;12;5,175;2250;40;12;6,1498;19151;,7215;12;12;7,5;1;6
1;2000;7,60090246;0;0;45;12;2;2024;51;11;6,917;18100;,6915;7;7;5;1;23
1;1324;7,188412736;0;4;35;12;7,5529;2123;40;10;4,7103;20300;,6915;12;7;5;0;9
1;2215;7,703007682;0;2;42;16;3,5052;4160;48;16;3,131;30419;,6215;10;16;7,5;0;5
1;1680;7,426549072;0;0;30;12;3,5714;2000;35;12;4;14090;,7215;12;10;3;0;11
1;1600;7,377758908;0;0;48;13;3,25;2420;52;17;7,2227;22679;,6615;7;3;5;1;18
1;800;6,684611728;0;0;45;12;3,25;1150;53;17;7,9652;12160;,7215;7;7;11;0;15
1;1955;7,578145472;1;1;31;12;2,1545;2024;31;12;4,0884;12487;,7515;12;7;5;1;4
1;660;6,492239835;0;2;43;17;3,7879;1904;43;17;14,181;29850;,5815;16;14;9,5;1;21
1;525;6,263398263;0;0;59;12;4;2448;53;16;6,5359;18100;,6915;3;7;9,5;1;31
1;1904;7,551712215;0;3;32;12;4,7269;2000;33;13;8,5;26000;,6615;3;7;11;1;9
1;1516;7,323830566;1;0;31;17;7,2559;2390;30;17;6,2762;26100;,6215;12;12;5;0;7
1;346;5,846438775;0;0;42;12;5,8671;1920;47;10;5,2083;17730;,7215;12;12;9,5;0;7
1;1040;6,946975992;0;0;50;11;1,5385;1840;53;10;2,7821;6719;,7515;7;7;7,5;1;32
1;732;6,595780514;0;0;59;16;2,459;3360;57;17;4,9107;18550;,6915;3;3;14;1;11
1;1880;7,539027056;0;2;36;13;5,8511;2284;35;13;5,8669;24600;,6615;12;10;7,5;0;16
1;1680;7,426549072;0;1;51;12;3,5714;1875;50;8;7,52;23100;,6915;7;14;5;1;14
1;2081;7,640603826;0;3;45;16;3,8068;2140;47;17;7,5449;24656;,6615;12;12;5;1;27
1;690;6,536691598;0;1;42;11;2,4638;1896;44;8;5,538;15897;,7515;10;3;7,5;0;0
1;4210;8,345217927;0;0;46;12;2,3753;1040;49;16;6,9231;20320;,6915;3;3;11;1;17
1;2205;7,698482788;0;1;46;10;4,5351;2200;52;12;5;21384;,6615;10;3;11;0;28
1;1952;7,576609767;0;0;51;14;5,6183;1952;58;12;7,3064;25561;,6215;7;7;14;0;24
1;1302;7,171656823;0;0;30;17;14,631;1560;30;17;11,218;36550;,58;14;17;5;1;11
1;112;4,718498871;1;2;30;12;2,6786;4030;33;16;3,8462;15810;,7215;12;12;3;0;1
1;893;6,794586581;0;0;57;12;3,9194;2570;58;12;5,8366;25500;,6215;9;9;7,5;1;14
1;583;6,368187186;1;2;31;16;2,5729;1530;34;16;13,725;24000;,6615;14;16;9,5;1;6
1;480;6,173786104;0;2;48;12;4,5375;3149;48;8;6,3493;22172;,6615;3;3;5;0;10
1;1900;7,549609165;0;3;30;12;2;2690;32;12;5,2528;17930;,7215;12;7;5;0;6
1;576;6,356107661;0;2;34;12;3,4722;3096;33;12;1,3075;7000;,7815;12;7;3;0;4
1;2056;7,628517627;0;2;48;16;2,0161;2552;53;16;2,7998;25300;,7215;14;16;5;1;10
1;1984;7,592870288;0;0;45;12;4,5716;2040;47;11;2,6961;16212;,7215;10;10;11;0;22
1;2640;7,878534196;0;0;51;12;2,2727;2180;50;13;7,5688;22650;,6615;7;7;3;0;16
1;240;5,480638923;0;2;30;12;2,6375;1864;37;12;3,4077;6985;,7815;12;7;14;0;6
1;1173;7,067319849;0;1;46;12;2,2899;2068;46;12;6,5401;30000;,6915;7;7;11;1;12
1;3640;8,199738961;0;0;58;12;1,0989;2010;58;12;7,2139;18500;,6915;7;3;9,5;1;32
1;340;5,828945618;0;8;37;12;1,1765;2152;40;10;6,2732;16658;,7515;12;7;5;0;15
1;500;6,214608098;0;0;52;8;1,6;1496;54;11;5,8824;10300;,7515;7;7;5;1;17
1;1599;7,377133713;0;0;52;10;1,8762;2100;47;4;3,8095;11000;,7515;7;3;7,5;0;34
1;1830;7,512071246;0;0;31;16;4,0437;1960;35;14;6,3776;19900;,6915;12;12;7,5;1;9
1;1920;7,560080465;0;0;55;14;9,6354;1985;55;15;6,0453;32500;,64;7;7;14;1;37
1;2052;7,626570206;0;0;34;17;8,0409;2020;33;17;8,8119;37300;,58;17;17;7,5;1;10
1;2312;7,74586823;0;0;55;14;4,599;2178;56;16;8,8765;30018;,5815;17;7;11;1;35
1;196;5,278114659;0;2;39;12;2,1429;3684;39;12;3,342;12807;,7515;12;7;14;1;6
1;2500;7,824046011;0;3;40;14;4,4;5010;42;13;3,1836;39500;,5515;14;3;7,5;0;19
1;1980;7,590852124;0;4;43;12;3,5354;1880;47;12;6,9149;22050;,6915;12;12;9,5;1;10
1;1840;7,517520851;0;0;48;8;2,7174;1904;56;8;5,5147;15500;,7215;7;7;14;1;11
1;320;5,768320996;0;0;47;12;6,25;2083;47;12;5,2808;13810;,7215;7;7;9,5;1;15
1;419;6,03787092;0;4;41;12;11,933;2125;44;12;3,2;11950;,7515;7;7;5;1;12
1;1880;7,539027056;0;0;36;8;3,5931;1985;37;12;5,8791;19175;,6915;12;12;7,5;0;12
1;72;4,276666119;0;2;46;17;6,9444;2640;48;17;6,25;17900;,6915;12;16;7,5;0;14
1;120;4,787491743;0;0;34;12;2,9167;2070;51;8;7,4879;15850;,7215;12;7;5;1;11
1;1885;7,5416831;0;3;41;12;3,0769;2107;48;8;6,9767;27017;,6915;7;7;5;1;9
1;240;5,480638923;0;1;51;12;3,75;2250;54;10;8;18900;,6915;12;7;5;0;24
1;1729;7,455298486;0;0;33;12;5,7259;2880;34;16;4,1319;21800;,6915;12;12;7,5;1;12
1;1850;7,522940918;0;0;52;12;3,6757;1848;53;12;14,476;33552;,5515;10;10;7,5;1;13
1;2033;7,617267814;0;0;58;9;5,1648;1927;53;7;5,7343;22650;,6615;7;9;7,5;1;29
1;608;6,410174882;2;4;34;10;8,2237;1304;38;9;3,3742;15200;,7915;0;0;7,5;1;11
1;1153;7,05012252;0;1;31;12;4,3365;3000;35;12;1,8333;13120;,7215;7;10;7,5;1;13
1;2208;7,699842407;0;1;48;12;4,9819;1892;52;12;5,6025;21660;,6615;12;14;5;1;19
1;252;5,529429088;0;2;32;12;,3571;3644;32;12;4,2975;18190;,7215;7;7;3;0;2
1;337;5,82008293;0;0;49;17;2,9674;1430;47;17;3,9161;9600;,7515;3;3;14;1;24
1;90;4,49980967;2;2;32;15;1;2350;31;14;4,8787;13755;,7515;10;12;7,5;1;9
1;1174;7,068172;0;0;58;12;2,5554;1948;59;16;9,2402;35350;,6615;7;12;7,5;1;6
1;372;5,918893854;0;0;50;6;,8602;1804;42;12;6,6519;12405;,7215;12;7;7,5;1;22
1;30;3,401197382;0;0;60;14;1;2326;51;12;4,6217;12180;,7515;12;17;9,5;0;30
1;1800;7,495541944;0;1;50;12;2,9261;1739;55;11;9,9741;22962;,6615;7;3;7,5;1;10
1;282;5,641907071;0;0;56;14;3,5461;1176;57;17;20,918;25700;,6215;7;7;9,5;1;6
1;720;6,579251212;0;0;51;9;1,6264;1100;55;8;1,94;3305;,7915;7;7;3;0;29
1;1440;7,272398393;0;1;54;17;8,3333;1528;58;17;8,8351;32950;,5815;7;12;5;1;29
1;2100;7,649692624;0;0;59;13;3,0952;2250;52;15;4,6667;17000;,6915;7;7;5;1;36
1;1000;6,907755279;0;2;46;9;2,7;1927;47;10;5,1894;13250;,7515;7;7;5;1;19
1;952;6,858565035;0;1;46;15;5,2521;2414;47;16;18,724;50750;,4415;7;12;5;1;8
1;1413;7,253470383;1;3;39;12;1,4154;768;49;8;10,417;15632;,7715;10;10;14;0;13
1;2100;7,649692624;0;2;44;12;4,7986;1984;43;14;8,8458;28316;,6215;7;0;11;1;16
1;120;4,787491743;2;0;33;12;1,6667;2246;36;12;7,569;17290;,7215;12;12;9,5;1;11
1;3000;8,006367568;1;2;33;12;1,1217;3024;30;17;4,4507;33600;,6215;10;10;7,5;1;15
1;1000;6,907755279;0;2;48;12;,5;2921;52;12;9,3204;29200;,6215;12;7;9;1;6
1;336;5,81711116;0;4;31;12;,7143;2045;37;17;9,1687;19870;,6915;7;7;11;0;13
1;1216;7,103322063;0;1;45;12;2,7961;1928;44;12;6,4834;16225;,7215;7;7;11;0;22
1;988;6,895682698;0;1;45;12;4,8583;1920;44;10;7,8125;28600;,6915;7;3;5;1;24
1;2581;7,8559322;0;2;32;13;1,7435;2280;37;17;11,404;30800;,5815;14;12;7,5;1;2
1;2030;7,615791072;0;0;47;12;2,4631;2300;47;17;5,087;25700;,6915;7;7;3;0;6
1;413;6,023447593;0;2;34;13;2,4213;2480;35;13;6,9758;27000;,6215;12;12;3;0;2
1;782;6,661854741;0;1;37;12;1,5345;1135;34;10;5,2863;12077;,7715;12;7;9,5;1;2
1;1388;7,235619141;0;1;36;12;2,8818;1384;39;12;11,562;29612;,6615;7;7;11;0;14
1;1450;7,279318835;1;2;47;12;2,4069;1848;50;14;8,6061;24479;,6915;7;10;9,5;1;9
1;1720;7,45007957;0;1;48;16;5,2326;2499;46;17;12,805;79750;,4415;14;14;7,5;1;11
1;800;6,684611728;0;2;42;12;3,75;2390;43;12;6,6946;20050;,6915;12;7;11;0;9
1;360;5,886104031;0;3;33;13;1,3889;2400;44;14;8,3333;21500;,6915;10;12;11;1;6
1;2000;7,60090246;0;0;46;11;4;1920;53;8;4,1667;16120;,6915;7;7;5;0;19
1;1176;7,069874128;0;3;47;12;3,2313;2301;48;13;5,4759;24686;,7215;7;7;9,5;0;26
1;2058;7,629489916;0;1;44;12;3,4014;1944;43;10;5,144;24669;,6915;7;10;9,5;1;19
1;900;6,802394763;0;4;36;12;1,3333;2100;37;17;11,667;26400;,6615;7;7;7,5;1;3
1;215;5,370638028;2;0;31;17;9,3023;1920;32;16;7,2917;16245;,7215;12;12;7,5;1;7
1;2000;7,60090246;0;0;55;14;4,5;2880;55;14;4,8611;23300;,6615;7;7;9,5;1;28
1;757;6,629363253;0;1;45;16;4,6235;1932;48;16;12,164;27200;,6215;12;7;9,5;1;13
1;1264;7,142036575;0;0;47;17;3,9557;3234;48;17;10,823;51000;,4615;10;17;9,5;1;9
1;2064;7,632401127;0;3;46;12;5,814;2805;47;12;12,478;55000;,4615;10;7;14;1;15
1;1280;7,154615357;0;0;49;11;,5;2272;52;9;6,162;15389;,7215;7;7;7,5;1;20
1;1715;7,44716836;0;0;49;12;4,0816;2227;52;14;7,1846;23150;,6615;7;7;9,5;1;29
1;2000;7,60090246;0;2;45;12;6;1720;49;6;7,093;29774;,6215;7;10;14;1;9
1;12;2,48490665;1;3;38;17;3,6667;2300;38;13;17,826;91044;,4415;12;10;14;1;1
1;1528;7,33171497;0;0;47;10;3,8613;3410;50;12;6,393;28200;,5815;7;12;14;1;8
1;561;6,329720906;0;3;54;13;2,7629;2304;57;16;11,719;36150;,5515;7;7;9,5;1;19
1;2058;7,629489916;0;0;41;11;2,931;1984;42;12;4,7883;15652;,7215;12;12;7,5;0;23
1;1823;7,508238775;0;2;43;12;4,3884;1890;33;14;4,2328;18900;,7515;14;7;11;0;3
1;1680;7,426549072;1;1;31;16;5,4167;1970;32;12;7,1066;23600;,6615;12;10;7,5;0;13
1;1440;7,272398393;0;0;47;17;9,8611;2400;46;12;8,3333;36200;,61;7;7;7,5;1;8
1;4950;8,507142856;0;2;35;12;,1616;2504;37;12;6,9888;18700;,6915;10;10;7,5;0;17
1;1176;7,069874128;0;3;45;16;,3826;2398;48;17;9,5913;24125;,6615;7;7;11;1;4
1;1100;7,003065459;1;0;33;12;3,6364;1960;39;12;6,0204;15800;,7215;7;7;7,5;0;15
1;1516;7,323830566;0;1;54;16;2,3747;2550;55;12;2,9686;19742;,7215;12;7;3;0;11
1;900;6,802394763;0;4;35;8;4,6667;2500;41;12;7;22600;,6915;10;7;9,5;0;7
1;1080;6,98471632;1;2;31;12;1,8519;2164;37;10;7,1627;17500;,7215;7;7;7,5;0;0
1;480;6,173786104;0;0;55;12;5,2;2640;60;12;4,7364;19820;,6915;7;7;7,5;0;0
1;288;5,66296048;0;2;34;12;3,2986;1936;36;12;8,781;20155;,6915;12;16;11;1;10
1;1875;7,536363938;0;1;38;13;8,5333;2136;41;12;9,8315;37300;,58;10;12;7,5;1;8
1;630;6,445719819;0;1;45;11;2,0635;1955;51;10;6,6496;24860;,7215;7;7;7,5;1;2
1;234;5,455321115;0;1;47;12;2,5641;1980;48;10;9,8485;21450;,6615;12;3;7,5;1;4
1;1600;7,377758908;0;2;39;12;2,1875;2550;42;11;9,8039;29650;,6215;7;7;5;1;6
1;960;6,866933284;1;0;36;14;6,25;2058;37;13;8,2604;23000;,6615;7;7;11;1;18
1;120;4,787491743;1;2;33;12;3,3333;2263;32;14;9,0676;21120;,6915;7;7;9;1;3
1;2025;7,61332498;0;0;50;12;4,4444;1763;54;13;8,5082;26000;,6215;7;12;5;1;22
1;1809;7,500529485;0;0;58;12;6,6335;2096;59;14;7,1565;28000;,6215;3;7;7,5;1;33
1;3087;8,034955025;0;0;49;17;8,4224;2059;47;13;7,0423;45500;,52;12;12;11;1;28
1;910;6,8134446;0;2;41;14;4,3956;1820;40;17;6,5934;16000;,7215;16;12;14;1;23
1;1840;7,517520851;0;1;51;12;2,4457;2832;53;8;4,3457;18232;,6915;7;14;11;0;27
1;784;6,66440902;0;0;53;9;1,2245;1990;60;10;7,2362;28160;,7215;3;7;14;1;11
1;400;5,991464547;1;2;36;12;1,625;2000;40;7;1,74;5965;,8015;12;7;11;1;6
1;1000;6,907755279;0;2;46;12;3;1885;46;12;6,8966;19000;,7215;7;7;9,5;1;11
1;1904;7,551712215;0;2;36;12;4,7269;2860;37;12;5,0455;36872;,5515;12;12;11;1;14
1;1771;7,479299638;0;1;53;14;1,1293;1913;48;16;17,25;42000;,4915;12;12;14;1;17
1;1486;7,303843225;0;3;40;16;7,4024;1800;54;16;8,3333;26900;,6215;16;14;11;1;17
1;740;6,606650186;0;2;42;17;4,4595;2880;45;16;9,375;30800;,5815;12;10;9;0;14
1;1820;7,50659178;1;1;33;15;2,4725;1993;32;16;8,279;21520;,6915;12;12;11;1;11
1;1275;7,150701458;0;3;43;12;1,8824;2250;47;14;4,5;24795;,6915;7;7;7,5;1;7
1;450;6,109247583;1;0;31;16;4;2286;30;16;4,1995;12900;,7215;14;16;14;1;8
1;1221;7,107425474;0;0;47;17;8,19;1880;47;16;16,064;42700;,4915;7;7;7,5;1;6
1;1550;7,34601021;0;0;54;17;7,0968;2350;58;17;11,277;38800;,5215;10;17;11;1;8
1;180;5,192956851;1;3;33;12;1,6667;3640;33;11;,5494;2500;,9415;7;3;3;0;4
1;2090;7,644919345;0;0;43;16;3,445;1770;47;14;9,548;26921;,6215;14;10;11;1;25
1;1960;7,580699752;0;1;46;13;4,2347;1875;49;13;5,3333;18300;,6915;7;9;3;0;24
1;1440;7,272398393;0;3;35;12;2,7778;2200;38;9;5,4545;17200;,7215;7;7;14;1;11
1;794;6,677083461;0;3;37;11;1,8892;2033;39;12;5,9026;14209;,7515;12;3;9,5;1;19
1;993;6,900730664;0;2;37;16;5,0352;2739;39;17;9,8576;32300;,5815;12;16;14;1;9
1;160;5,075173815;0;3;34;14;1,25;1626;38;14;11,685;21400;,7215;17;12;7,5;1;19
1;105;4,65396035;1;0;43;16;2,8571;2248;44;17;6,2278;14700;,7215;7;7;9,5;0;14
1;1200;7,090076836;0;0;46;12;4,1167;2140;48;12;9,1748;25516;,6215;7;7;9,5;1;22
1;450;6,109247583;0;3;35;9;1,7778;1985;42;12;6,2972;13300;,7515;3;7;5;1;6
1;996;6,903747258;0;0;46;17;13,554;1528;59;17;10,471;31000;,5815;12;12;9,5;1;23
1;1052;6,958448393;0;0;46;14;4,5627;1920;48;16;14,583;48800;,4915;7;3;11;1;15
1;1128;7,028201432;0;2;43;12;2,1277;1918;46;10;6,2143;15519;,7215;7;7;14;1;6
1;1840;7,517520851;0;0;30;12;2,9891;2112;30;12;6,6288;19500;,6915;7;7;7,5;0;11
1;1910;7,554858521;0;2;41;11;2,5654;2144;46;9;3,8246;14545;,7215;3;7;5;0;2
1;980;6,887552572;0;1;54;12;5,6122;1920;54;15;7,8125;22897;,6915;7;7;14;1;22
1;2317;7,748028524;0;1;31;12;2,8054;2241;41;9;3,4806;14300;,7215;10;10;7,5;1;10
1;1089;6,993015123;0;0;44;10;1,607;880;47;11;5,55;14884;,7515;10;10;9,5;1;14
1;800;6,684611728;0;1;32;12;2,25;2070;31;16;11,594;27400;,6215;12;7;11;1;12
1;1230;7,114769448;0;0;47;5;2,0325;1050;53;5;9,5238;16400;,7215;7;12;14;1;9
1;1158;7,054449658;0;1;46;17;5,532;2635;57;17;7,2805;25704;,6215;14;17;7,5;0;13
1;2272;7,72841578;0;0;37;11;1,5845;3000;47;8;3;12800;,7215;10;10;7,5;0;18
1;528;6,269096284;0;2;51;12;3,7879;2500;50;11;10,4;40000;,6215;7;7;7,5;0;8
1;1000;6,907755279;0;1;49;12;3;1990;49;12;10,05;47000;,6615;7;7;14;1;11
1;520;6,253828812;0;4;36;14;8,6538;2390;37;13;8,7866;25872;,6615;10;12;9,5;1;9
1;760;6,633318433;0;1;39;11;4,2105;1430;44;12;10,14;26868;,6915;12;7;9,5;1;9
1;1920;7,560080465;0;2;48;12;4,6875;1800;50;8;5;18000;,6915;12;12;9,5;1;14
1;1220;7,106606138;0;2;38;14;4,0984;2103;43;17;11,888;30200;,5815;7;7;5;1;9
1;200;5,298317367;0;2;40;12;25;1350;42;12;13,333;26220;,6615;7;7;7,5;1;2
1;2480;7,816013839;1;5;39;10;2,6331;2880;36;17;8,6806;40500;,5815;7;7;3;0;12
1;2750;7,919356191;0;0;37;16;6;2400;43;17;7,2917;33570;,61;12;7;7,5;1;15
1;2014;7,607878073;0;1;49;13;5,4126;1135;47;12;3,5242;16917;,7215;7;14;14;1;11
1;1355;7,211556733;0;3;33;12;,6642;2750;35;17;6,1818;18000;,7215;12;7;9,5;0;7
1;80;4,382026635;0;0;30;12;1,25;2085;32;16;2,9755;8337;,7515;12;12;11;1;9
1;1670;7,420578905;0;0;54;12;2,2754;2600;56;8;4,5769;17100;,7215;12;7;9,5;0;19
1;520;6,253828812;0;4;39;11;3,4615;3542;40;12;3,1056;17800;,7515;10;7;11;0;11
1;288;5,66296048;0;3;43;12;4,1667;1975;43;12;5,8228;13740;,7515;12;12;14;1;8
1;2014;7,607878073;0;3;31;9;4,4687;2400;32;12;7,5;27000;,6215;10;3;9,5;1;13
1;800;6,684611728;0;3;33;13;1,75;3000;37;14;8,3333;32600;,6215;12;7;7,5;1;4
1;1984;7,592870288;0;3;40;12;3,6694;1960;39;14;9,2347;28030;,6615;12;12;14;1;7
1;1823;7,508238775;0;1;36;12;6,5826;2000;39;9;5,5;23100;,6615;12;12;3;0;19
1;1500;7,313220387;0;0;51;12;2,6;3000;51;12;6;24580;,6615;7;7;9,5;1;14
1;2261;7,723562472;0;1;44;13;4,8651;2400;43;12;6,6667;29000;,6215;12;7;9,5;1;14
1;1728;7,454719949;0;3;42;16;5,787;2450;48;14;13,061;42430;,5215;12;14;9,5;1;3
1;1960;7,580699752;0;1;40;12;4,5408;2423;40;8;12,794;41800;,5215;12;12;7,5;1;9
1;1578;7,363913501;1;1;34;16;9,5057;2000;33;16;12;39100;,58;12;17;9,5;1;7
1;1316;7,182352112;0;0;30;17;10,638;2526;41;16;6,73;31800;,5815;16;17;11;1;7
1;1530;7,333023014;0;0;54;12;1,1111;2695;53;12;6,679;22200;,6915;7;7;14;0;14
1;2220;7,705262475;0;0;51;12;4,0541;2048;54;12;4,3945;19500;,6915;16;7;3;0;29
1;1336;7,197435354;0;2;44;9;2,6871;1920;46;11;4,6875;14027;,7515;7;10;11;0;19
1;1008;6,915723449;0;1;43;12;2,9762;2338;42;9;7,6989;21195;,6615;7;7;11;1;14
1;1944;7,572502985;0;1;34;12;3,1728;2945;37;8;4,3287;19013;,6915;10;7;7,5;0;16
1;2000;7,60090246;0;0;45;13;3,55;2047;52;12;6,7416;20900;,6615;12;7;11;1;10
1;258;5,552959585;0;0;39;12;17,907;1668;47;7;9,3525;26820;,6215;10;3;11;0;12
1;1785;7,487173694;0;0;50;12;3,4174;175;48;10;9,1429;12800;,7515;0;0;14;1;24
1;480;6,173786104;0;0;52;12;3,3333;1798;53;12;2,6418;7850;,7515;7;7;14;0;6
1;772;6,64898455;0;2;41;12;3,886;1222;45;12;7,365;18600;,7215;12;12;7,5;1;9
1;900;6,802394763;0;0;59;10;2,3111;1820;59;7;1,4066;5380;,7715;12;7;5;0;14
1;1428;7,264030143;0;0;52;12;1,7108;1560;60;8;1,5192;6114;,7715;10;7;14;0;26
1;210;5,347107531;0;0;46;16;2,1143;2210;49;12;3,3439;8234;,7515;12;12;14;0;7
1;239;5,476463552;1;5;41;12;9,9331;2874;48;16;2,9106;20646;,7215;3;7;11;1;4
1;1878;7,53796266;0;2;33;11;3,0277;2499;35;8;4,3834;16640;,7215;7;7;9,5;0;15
1;215;5,370638028;0;0;45;12;1,8605;3088;38;12;4,2098;13900;,7215;12;12;5;1;23
1;2340;7,757906208;1;2;36;10;,1282;2020;37;8;3,7129;11500;,7815;10;7;7,5;0;1
1;1960;7,580699752;0;1;48;12;6,6327;1980;56;10;10,606;34000;,5515;7;7;14;1;29
1;532;6,276643489;0;1;47;12;5,6391;1968;47;11;8,6382;28700;,6615;7;3;11;1;9
1;394;5,976350909;0;0;45;12;1,599;2100;45;12;3,8367;9563;,7515;7;7;7,5;0;6
1;675;6,514712691;0;2;37;12;2,6667;2651;48;17;7,1671;20960;,6915;7;7;7,5;0;11
1;1515;7,323170718;0;4;46;16;7,9208;1918;49;14;8,8634;38590;,6215;12;10;14;1;17
1;1030;6,937314081;0;3;43;17;5,3398;2585;46;16;7,7369;27900;,6615;12;12;5;1;6
1;1250;7,13089883;0;2;42;12;4;2250;46;17;9,1702;25633;,6215;7;7;7,5;1;7
1;1158;7,054449658;1;2;34;17;6,0449;2480;39;17;11,29;35200;,5515;12;12;7,5;1;2
1;112;4,718498871;0;0;52;12;6,25;2924;53;12;6,3269;29500;,5815;7;7;7,5;1;24
1;336;5,81711116;0;3;37;12;2,9762;1896;52;9;4,7468;10000;,7515;10;7;7,5;0;4
1;1984;7,592870288;0;1;37;12;4,2339;2332;40;12;4,8885;19800;,6915;10;7;5;0;11
1;716;6,573680167;0;0;52;8;3,4916;3482;59;7;2,4842;12900;,7215;7;7;5;0;25
1;1410;7,251344983;1;0;30;12;4,9645;2106;30;14;8,547;26080;,6215;12;12;7,5;0;11
1;1300;7,170119543;0;1;31;13;2,7692;1160;32;12;6,6379;13066;,7515;17;7;11;1;2
1;1640;7,402451521;0;1;38;12;3,6585;2040;46;12;3,1863;12500;,7215;7;7;7,5;0;19
1;1202;7,091742115;0;3;43;12;5,3935;2856;48;16;4,5466;35600;,5815;7;7;9;1;7
1;489;6,192362489;0;1;49;8;,6564;950;51;8;12,789;19424;,7515;7;7;5;1;2
1;2076;7,638198244;0;0;55;12;4,7688;2068;58;10;6,528;26250;,6615;7;7;5;1;20
1;526;6,265301213;0;2;38;17;8,5551;1896;42;17;16,403;36525;,5515;12;14;9,5;1;10
1;1721;7,450660796;0;0;52;17;10,459;2000;56;16;7;34700;,61;14;17;14;1;19
1;1327;7,190676034;0;0;48;12;2,6375;288;51;11;13,542;8311;,7515;7;7;11;1;17
1;584;6,369900983;0;2;32;13;6,8493;2160;33;12;6,713;28626;,6915;12;10;11;1;12
1;1376;7,226936018;0;1;32;12;5,0872;3120;33;17;5,4487;24400;,6615;7;7;5;1;11
1;1040;6,946975992;0;2;38;12;,9615;1944;41;17;6,6872;14025;,7215;7;7;7,5;1;6
1;548;6,306275287;0;3;46;12;4,3066;2046;47;12;9,0943;21367;,6915;16;12;14;1;10
1;15;2,708050201;0;3;40;12;7,0667;2005;42;9;6,5337;14136;,7515;7;7;7,5;0;4
1;1980;7,590852124;0;4;31;9;2,5253;2070;36;10;4,686;19900;,7515;10;7;5;1;2
1;1520;7,326465614;0;1;43;10;7,8947;3000;50;12;8;37000;,5215;12;9;9,5;1;13
1;1880;7,539027056;0;0;51;12;4,1489;2640;51;12;4,053;18500;,6915;7;7;7,5;0;21
1;1260;7,138867;1;0;30;16;8,1746;2450;34;17;8,1633;34550;,5515;16;14;5;1;9
1;1092;6,995766156;0;0;52;13;9,5971;1000;53;15;16,5;49620;,4615;10;7;11;1;4
1;1587;7,369600721;1;5;30;8;2,0164;2080;33;8;3,4615;10400;,7815;3;3;7,5;0;2
1;156;5,049856007;0;0;51;16;7,6218;2413;51;16;11,361;33000;,5515;16;16;11;1;19
1;1939;7,569927655;0;2;31;13;3,1975;2570;31;12;3,8911;16200;,7215;7;3;7,5;1;4
1;1250;7,13089883;0;4;34;12;1,6;2030;52;12;9,6059;22660;,6915;12;16;7,5;1;9
1;610;6,413458957;0;0;49;11;4,0984;4684;59;17;2,6687;16000;,7215;7;7;7,5;1;14
1;270;5,598421959;1;3;35;13;1,4815;2802;41;17;8,8865;25780;,6615;7;16;9,5;1;6
1;660;6,492239835;1;0;53;12;3,6364;2090;59;12;6,3636;20675;,7215;7;12;7,5;1;24
1;1000;6,907755279;0;3;32;12;1;2053;46;16;17,728;40213;,5515;12;7;11;0;1
1;1920;7,560080465;0;3;38;10;2,6042;1984;42;10;5,2923;15500;,7215;12;7;7,5;1;13
1;200;5,298317367;0;0;54;12;1,75;2040;54;16;15,686;35207;,5815;7;12;9,5;1;3
1;1500;7,313220387;0;1;47;17;4,8;2794;58;8;5,2423;35702;,5515;10;12;11;1;10
1;868;6,766191715;0;1;45;15;5,53;3290;47;14;3,0395;17800;,7215;14;12;9,5;1;16
1;2318;7,748460024;0;1;47;16;4,0984;1911;46;16;16,745;50900;,4915;16;16;5;1;9
1;2000;7,60090246;0;0;59;10;1,25;2000;60;12;3,75;17280;,6915;7;7;5;0;19
1;60;4,094344562;0;1;32;11;1,6667;2580;31;12;5,814;15150;,7215;10;9;5;1;4
1;1715;7,44716836;0;1;45;12;3,7901;2400;49;17;10,833;36200;,5815;7;7;7,5;1;10
1;550;6,309918278;0;4;40;12;2,3636;1740;47;12;9,0029;17465;,7215;14;12;5;1;5
1;1960;7,580699752;0;2;47;14;10,204;2500;50;12;6,54;45205;,61;14;12;3;1;7
1;44;3,784189634;1;2;36;16;6,8182;1840;37;17;5,9783;14500;,7515;12;10;5;0;3
1;1920;7,560080465;0;0;56;14;7,2146;2036;56;14;8,6248;32011;,5815;7;7;7,5;0;38
1;2540;7,83991936;0;1;41;8;2,4484;3536;43;11;4,8329;35200;,6215;7;12;9,5;0;16
1;156;5,049856007;0;3;48;7;1,1987;880;51;11;10,909;13579;,7515;3;7;11;0;13
1;780;6,65929392;1;2;36;12;1,641;2007;38;12;3,8864;10455;,7515;7;7;11;0;1
1;3120;8,045588281;0;0;41;12;1,7821;2632;44;13;8,4574;32600;,5515;7;3;5;0;7
1;2040;7,620705087;0;0;41;14;2,9412;2600;43;12;5;19150;,6915;7;10;11;1;15
1;1610;7,383989458;0;3;36;12;4,9689;2156;36;13;7,4212;24400;,6615;12;17;9,5;1;10
1;215;5,370638028;0;3;37;12;1,8605;3625;41;12;4,4938;21700;,6915;10;7;3;0;2
1;1120;7,021083964;0;0;38;12;8,0357;2420;42;12;7,0252;26201;,6215;7;3;9,5;1;19
1;846;6,74051936;0;2;43;14;3,9716;2080;43;9;3,2788;11920;,7515;3;3;7,5;1;25
1;3225;8,078688229;0;0;54;16;3,0416;3443;59;17;1,2861;16300;,7215;12;12;9,5;1;25
1;1376;7,226936018;0;1;38;12;2,907;2250;41;12;5,5556;16500;,7215;7;7;5;1;7
1;980;6,887552572;1;0;30;12;3,0612;2535;34;16;7,4951;30000;,5815;12;7;11;1;15
1;1838;7,516433303;0;0;49;12;4,8966;2352;48;15;22,109;62500;,4415;7;7;9,5;1;11
1;1494;7,309212366;0;1;45;13;4,0161;3036;49;6;9,058;58500;,4415;10;10;9,5;1;25
1;450;6,109247583;0;0;51;13;5,5556;2600;57;14;11,538;40900;,5215;7;7;9,5;1;19
1;1976;7,588829878;0;0;34;10;1,2227;2223;39;7;6,0468;16308;,6915;0;10;7,5;1;4
1;2012;7,606884531;0;2;34;12;2,6839;2666;34;10;1,3653;9300;,7515;7;7;7,5;1;14
1;561;6,329720906;0;1;41;12;2,6738;2006;41;17;16,55;35700;,5515;10;9;7,5;1;19
1;1715;7,44716836;0;1;49;12;9,3294;1710;49;17;8,7719;35700;,64;9;9;11;1;18
1;1912;7,555905094;0;0;32;12;3,1381;1920;46;14;9,6354;24500;,6615;12;12;5;1;14
1;3686;8,212297138;0;0;32;14;,5426;1647;39;14;6,6788;13000;,7215;12;12;7,5;1;11
1;1080;6,98471632;0;2;32;17;8,6111;3080;35;15;7,5727;52600;,4415;12;12;5;0;4
1;1799;7,494986234;0;0;47;10;3,6687;1920;48;10;7,8125;25360;,6615;3;7;7,5;1;29
1;1984;7,592870288;0;1;39;9;2,3185;2420;47;4;1,9835;9400;,7515;9;9;7,5;0;21
1;1839;7,516977225;0;0;49;12;2,882;2205;53;15;9,5238;26800;,6215;12;12;11;1;24
1;1579;7,364547014;0;3;37;12;3,1666;3035;39;14;6,425;33040;,6615;12;7;7,5;1;19
1;96;4,564348191;0;0;59;16;3,6458;2185;60;15;10,984;26350;,6215;14;12;7,5;1;31
1;1920;7,560080465;0;0;50;12;6,25;1880;56;12;12,766;39000;,5215;7;7;14;1;28
1;1688;7,431299675;0;1;32;17;10,249;1863;33;17;9,5545;35100;,61;12;12;9,5;1;15
1;1589;7,370860167;0;0;46;12;3,2096;2456;48;16;5,4967;22502;,6615;12;12;11;0;27
1;345;5,843544417;0;2;43;17;7,6522;1847;46;17;9,7618;21950;,6915;12;14;14;0;13
1;1521;7,327123292;0;3;37;11;1,9724;2000;42;6;5;13000;,7515;7;7;7,5;0;4
1;1490;7,306531399;0;2;32;16;4,698;1856;35;14;5,9995;18180;,7215;12;14;9;1;10
1;989;6,896694332;0;1;39;11;2,1234;1880;43;14;6,9149;20957;,6915;10;10;9;1;8
1;600;6,396929655;0;2;34;13;2,3333;3020;35;12;4,9669;13700;,7215;12;12;7,5;0;4
1;2646;7,880804345;0;1;39;11;2,3896;2646;41;8;2,3896;20000;,6915;7;7;5;1;18
1;2149;7,672757897;0;3;45;8;1,2564;1640;48;9;4,5122;12260;,7515;7;7;5;1;3
1;320;5,768320996;0;0;50;11;1,0938;1950;54;11;9,2308;24850;,6615;3;12;7,5;1;11
1;1600;7,377758908;0;1;40;12;3,75;1920;39;12;11,458;29150;,5815;12;7;7,5;1;8
1;2419;7,791109511;0;1;30;10;3,3072;2025;34;12;7,6993;23591;,6615;7;7;11;1;10
1;2005;7,60339934;0;0;57;17;5,1352;2470;56;17;4,183;24717;,6615;16;12;11;1;33
1;1960;7,580699752;0;1;39;12;6,6327;1800;43;12;8,3333;30455;,6215;12;12;9;1;19
1;2147;7,671826798;0;0;53;12;4,5645;1920;56;8;5,1042;19600;,6915;12;12;7,5;1;35
1;1207;7,095893221;0;1;48;17;11,848;2039;53;17;8,2271;31875;,64;7;12;5;1;21
1;2000;7,60090246;0;1;46;14;3,75;2570;48;16;5,6634;24055;,6615;14;14;7,5;0;7
1;1260;7,138867;0;0;47;12;4,3651;1914;54;12;5,222;18795;,7215;7;10;7,5;0;18
1;90;4,49980967;0;1;43;12;3,9333;1516;47;10;7,19;12198;,7515;7;7;7,5;0;4
1;1800;7,495541944;0;0;47;12;3,3333;2520;47;16;13,907;52645;,4915;12;7;7,5;1;12
1;573;6,350885717;0;1;47;12;3,3159;2327;48;12;6,0163;16600;,7215;10;7;14;0;16
1;1825;7,509335266;0;0;47;12;3,5616;2188;50;12;7,6782;32590;,6215;7;7;7,5;1;14
1;75;4,317488114;0;0;46;12;1,6;1864;48;12;5,3112;10020;,7515;3;7;7,5;1;3
1;1348;7,206377291;0;4;34;9;2,2255;2183;33;10;4,1228;12048;,7515;7;7;11;0;1
1;1880;7,539027056;0;0;48;10;4,7872;1920;55;12;7,8125;39750;,6215;7;7;11;0;27
1;1240;7,122866659;0;1;30;12;5,8065;1824;31;12;4,6053;15700;,7215;10;7;7,5;1;12
1;848;6,742880636;0;1;51;12;2,3585;2878;54;12;3,9746;24250;,6615;7;7;3;0;6
1;150;5,010635294;0;5;52;12;2;2390;54;16;15,063;43210;,5215;7;12;14;1;9
1;2000;7,60090246;0;2;37;12;1,9;3120;39;13;4,5064;37100;,6215;12;12;5;0;2
1;1952;7,576609767;0;2;32;12;5,123;2040;33;12;5,8824;23820;,6615;12;7;5;0;6
1;1456;7,283448229;0;2;36;17;5,4945;2151;35;15;10,228;31600;,5815;12;14;5;1;9
1;1740;7,461640392;0;2;35;12;6,3218;1976;37;14;6,5789;24000;,6615;10;10;7,5;1;16
1;1400;7,244227516;0;0;45;17;7,1429;2286;51;16;8,8145;30750;,5815;14;12;5;0;22
1;2000;7,60090246;0;0;56;12;2,375;2032;60;10;2,9528;11050;,7515;7;7;14;0;26
1;1750;7,467371067;0;2;40;10;2,5429;1680;45;4;4,5173;12239;,7515;7;7;14;0;11
1;1101;7,003974137;1;2;45;12;2,1798;1560;49;14;5,1282;12870;,7515;14;12;7,5;1;11
1;2000;7,60090246;0;2;32;12;2,6;2895;30;12;4,1451;17200;,7215;10;7;7,5;0;15
1;1877;7,537430037;0;0;45;12;3,7294;1820;50;8;8,7912;23980;,6615;10;10;7,5;0;13
1;160;5,075173815;0;2;40;12;4,375;2450;44;12;7,3061;18600;,6915;7;12;14;1;6
1;1886;7,542213463;0;1;38;12;4,4433;1748;42;8;6,0069;23920;,6915;7;10;9,5;1;20
1;1446;7,276556403;0;4;49;12;4,2877;1020;45;12;8,3333;16084;,7515;7;7;14;1;17
1;1500;7,313220387;0;1;47;16;1,6667;2342;49;17;11,529;31100;,5815;14;14;11;1;8
1;860;6,756932389;0;0;52;13;3,2558;2250;53;12;6,6667;20460;,6615;7;7;11;1;13
1;1848;7,521859252;0;1;34;13;5,4113;2880;40;16;8,6806;36000;,5515;12;12;7,5;1;15
1;1678;7,425357887;0;2;44;12;2,205;2032;46;12;3,468;17302;,7215;14;12;3;0;14
1;160;5,075173815;0;3;36;16;4,0625;3120;42;16;3,0321;16450;,7215;14;7;3;0;14
1;108;4,682131227;0;0;50;17;,6482;1760;57;16;13,807;41170;,5815;14;16;9,5;1;6
1;1738;7,460490306;0;0;45;12;5,3826;1725;47;12;6,2174;20130;,6615;0;0;7,5;1;24
1;1170;7,064759028;0;2;44;14;,1709;2080;46;13;4,2308;9200;,7515;16;12;9,5;1;10
1;15;2,708050201;0;2;57;12;23,467;2040;57;10;11,47;24751;,6615;7;7;11;1;2
1;2088;7,643961949;0;0;35;17;9,5785;2940;42;17;12,245;57300;,5;12;17;9,5;1;9
1;2490;7,820037989;0;0;46;12;3,6948;2280;52;12;9,2105;37200;,5815;7;7;7,5;1;23
1;135;4,905274778;2;1;30;14;2,2222;2164;35;16;6,3309;14000;,7215;10;12;14;1;12
1;1944;7,572502985;0;3;42;12;1,749;1999;44;12;7,8039;20610;,6915;7;3;14;0;8
1;690;6,536691598;0;1;34;12;1,1594;1824;36;13;7,6754;14800;,7215;10;7;7,5;1;16
1;608;6,410174882;0;2;45;17;6,9901;2182;47;16;15,582;40005;,5515;10;14;14;1;10
1;63;4,143134726;1;2;35;16;3,9683;2385;37;16;9,6436;23750;,6615;14;7;14;1;7
1;154;5,036952602;0;0;40;16;21,429;2460;44;17;12,886;35300;,5515;7;12;14;1;19
1;420;6,040254711;0;1;32;12;,4762;2595;35;16;6,5511;17350;,6915;12;12;7,5;1;2
1;651;6,478509642;0;0;54;9;2,1505;2400;57;10;8,25;21650;,6615;7;7;7,5;1;9
1;675;6,514712691;0;3;38;12;1,8578;3120;42;8;1,3792;6740;,7915;7;7;14;0;14
1;1663;7,416378479;0;3;43;12;4,3295;2850;42;12;5,2632;32275;,6915;12;14;5;1;9
1;1680;7,426549072;0;0;54;16;8,9286;760;60;12;10,526;33220;,72;14;7;9,5;1;16
1;180;5,192956851;0;3;39;14;2,7778;2500;37;17;10;26500;,6215;12;12;7,5;1;7
1;1581;7,365812837;0;1;37;12;2,6565;2630;39;14;12,548;38700;,5215;7;12;5;1;6
1;1200;7,090076836;0;2;46;12;2,5;2597;48;8;4,6207;15400;,7215;7;7;5;1;22
1;450;6,109247583;0;0;56;11;18,267;2760;60;11;1,854;19007;,6915;7;7;3;0;9
1;547;6,304448802;0;3;41;12;,819;2070;44;8;7,4266;16771;,7215;12;7;7,5;0;9
1;300;5,703782475;0;1;45;16;2;2256;48;16;13,298;31100;,5815;16;7;11;1;14
1;975;6,882437471;0;1;44;17;15,385;1505;47;16;26,578;66300;,5;3;3;7,5;1;17
1;1621;7,390798522;0;1;50;17;6,4775;2364;52;17;13,959;43550;,4915;16;12;5;0;12
1;300;5,703782475;0;5;37;14;8,3333;2895;38;14;13,126;37250;,6215;7;7;11;0;13
1;1868;7,532623619;0;1;44;12;4,5503;2041;46;12;7,8883;24900;,6615;16;7;14;0;8
1;1803;7,497207223;0;2;32;14;2,4958;2195;34;17;8,656;24200;,6615;7;14;9,5;1;10
1;2143;7,669961995;1;1;34;12;4,4797;1935;40;12;3,4109;16200;,7215;10;10;14;0;16
1;1080;6,98471632;0;2;32;10;2,2324;1950;35;10;4,6256;11431;,7515;10;10;7,5;0;1
1;1352;7,209340257;0;3;37;12;2,071;2375;38;14;4,2105;13200;,7515;10;10;11;0;6
1;537;6,285998095;0;1;44;13;1,676;1920;55;8;4,2708;15420;,7715;10;10;9;1;4
1;352;5,863631176;0;2;34;16;3,4091;3300;33;12;3,3424;18400;,6915;12;12;14;0;8
1;200;5,298317367;1;3;33;12;2,5;3680;33;16;8,6359;43500;,4915;10;3;5;1;4
1;2045;7,623153068;0;3;43;7;3,9609;1968;43;12;6,7581;21972;,6915;7;7;7,5;1;15
1;1253;7,133295955;0;2;35;16;6,2275;2504;33;10;,5843;7774;,7715;16;16;11;0;7
1;1960;7,580699752;0;1;43;14;3,9286;2000;45;14;5,335;24470;,6915;7;7;7,5;0;14
1;2000;7,60090246;0;0;34;12;2,9;1656;37;12;4,7101;13600;,7215;7;7;7,5;0;16
1;1960;7,580699752;0;3;36;10;4,0816;1968;39;7;4,9797;22500;,7215;7;0;7,5;0;15
1;2000;7,60090246;0;2;41;12;2,85;2016;41;12;2,9762;13600;,7215;7;7;14;0;23
1;1568;7,357556201;0;0;41;16;7,0153;2602;44;17;12,744;90800;,4415;7;7;7,5;0;19
1;1225;7,110696123;0;3;35;10;2,9388;1560;43;9;3,8462;10776;,7515;10;10;7,5;0;4
1;780;6,65929392;1;3;32;12;1,9231;1827;37;10;7,2233;19007;,7515;10;7;5;1;12
1;480;6,173786104;0;0;30;14;6,875;2080;34;14;8,8077;23900;,6615;12;12;14;1;12
1;1923;7,561641746;0;0;43;12;3,9002;3390;47;12;5,3864;26060;,6215;7;7;7,5;1;25
1;2000;7,60090246;0;0;54;6;2;2524;57;6;3,6846;13300;,7215;7;7;7,5;0;14
1;2110;7,654443226;0;2;35;15;4,9763;2777;34;12;1,8437;15620;,7215;7;7;7,5;0;14
1;1664;7,416979621;0;0;50;12;1,2019;3120;54;13;1,3013;16500;,7215;7;7;7,5;0;11
1;48;3,871201011;1;1;34;17;22,5;2700;36;17;7,2222;20880;,6915;14;16;5;1;7
1;1791;7,490529402;0;0;52;14;6,8677;1904;57;12;7,3529;30600;,6615;14;12;9,5;1;18
1;1404;7,247080585;0;3;35;13;3,5613;2360;38;14;11,864;39000;,6215;7;10;9;1;4
1;1920;7,560080465;0;0;55;6;1,9792;1960;58;8;5,3327;15428;,7215;7;7;7,5;0;37
1;2141;7,669028289;0;0;35;16;5,3713;2000;42;16;5,5;23300;,6615;7;7;7,5;0;13
1;1720;7,45007957;0;1;49;14;1,7442;2600;45;16;7,2308;42100;,5215;16;16;9,5;1;14
1;3533;8,169902647;2;2;38;15;5,0948;2000;38;9;7;36430;,64;12;7;9,5;1;17
1;2000;7,60090246;0;2;42;14;2,5;2218;45;14;7,2137;26000;,6915;7;7;9,5;1;5
1;800;6,684611728;0;1;48;8;3,825;2000;52;5;4,5;62060;,7515;7;7;7,5;0;2
1;3000;8,006367568;0;0;51;14;1;2595;53;16;8,8632;28300;,6215;12;12;9,5;1;0
1;293;5,680172609;0;2;43;12;3,0717;2400;47;12;9,3333;24149;,6615;12;10;7,5;1;3
1;1872;7,534762657;0;1;43;12;1,7163;2856;48;12;3,8263;28141;,6615;12;10;7,5;1;21
1;2058;7,629489916;0;1;38;12;4,0209;2601;38;14;5,4448;23057;,6615;10;10;7,5;1;20
1;1832;7,513163545;0;1;44;12;5,4585;2054;48;9;8,7634;28900;,6215;3;7;7,5;1;19
1;120;4,787491743;1;3;36;12;25;2500;35;12;8,4;24000;,6615;12;10;9,5;1;4
1;1632;7,397561536;0;0;38;12;2,3897;1960;31;12;5,102;13900;,7215;12;12;7,5;0;19
1;778;6,656726524;0;0;47;8;3,2134;2058;51;8;7,4101;31810;,6915;12;12;5;1;11
1;1984;7,592870288;0;2;34;12;3,377;2410;49;10;5,3527;19840;,6915;7;7;7,5;0;14
1;225;5,416100402;1;2;40;17;1,7778;1278;38;17;19,562;25490;,6615;16;17;14;1;8
1;1960;7,580699752;0;1;31;12;3,1633;2875;35;12;5,0783;20800;,6915;12;12;7,5;0;13
1;444;6,095824562;0;0;46;12;2,7027;2340;49;12;,5128;2400;,8015;10;16;7,5;1;24
1;384;5,950642553;0;3;36;14;1,6927;3060;43;17;5,402;32650;,5815;10;10;14;1;1
1;1170;7,064759028;1;2;39;13;,2137;1920;47;12;7,8646;16370;,7215;12;16;11;1;1
1;1330;7,192934221;0;2;36;17;6,7669;3390;38;12;6,0531;35500;,5515;7;7;14;0;3
1;1350;7,207859871;0;4;37;8;1,7407;2400;41;12;5;15100;,7515;7;7;3;0;4
1;480;6,173786104;0;4;39;12;2,5;1640;40;11;7,6829;14100;,7515;7;9;3;0;21
1;1984;7,592870288;1;3;36;11;4,4859;1656;38;8;6,0386;19600;,7215;7;3;14;0;10
1;1944;7,572502985;0;2;49;12;2,572;1920;53;16;5,851;19434;,7215;7;7;5;1;13
1;50;3,912023005;1;1;45;12;3,46;1780;46;10;6,7416;23882;,7215;7;7;9,5;1;9
1;460;6,131226489;2;0;32;17;4,7826;1850;31;17;8,1081;17300;,7215;7;7;7,5;0;14
1;680;6,522092798;0;5;36;10;2,3118;3430;43;12;5,3061;19772;,7215;7;7;7,5;0;2
1;2450;7,803843304;0;1;40;12;5,3061;2008;40;8;7,2709;35641;,6215;7;7;5;1;21
1;2144;7,670428522;0;2;43;13;5,8675;2140;43;11;8,1776;34220;,5815;7;7;7,5;1;22
1;1760;7,473069088;0;1;33;12;3,4091;3380;34;12;7,1006;30000;,5815;12;16;11;1;14
1;490;6,194405391;0;1;30;12;4,0816;2430;33;11;6,5844;18000;,6915;12;12;7,5;1;7
0;0;0;0;1;49;12;0;2550;54;15;7,8529;21025;,6615;14;12;7,5;1;2
0;0;0;2;0;30;16;0;1928;34;16;11,929;23600;,6615;14;7;9,5;1;5
0;0;0;1;0;30;12;0;1100;39;17;18;22800;,6615;12;12;7,5;0;12
0;0;0;0;4;41;12;0;3193;40;16;10,022;35910;,5815;7;7;7,5;1;1
0;0;0;0;1;45;12;0;2250;46;16;9,3333;21700;,6615;7;7;5;1;12
0;0;0;0;5;43;12;0;2012;44;13;6,085;21823;,7515;7;7;7,5;1;4
0;0;0;0;1;42;13;0;3856;46;15;5,7054;31000;,6615;10;7;11;1;9
0;0;0;0;0;60;12;0;1645;58;12;9,1185;15300;,7215;7;7;7,5;1;9
0;0;0;0;0;57;12;0;1554;57;12;7,2072;12925;,7215;9;3;7,5;1;6
0;0;0;0;2;38;10;0;2352;41;8;5,3146;15830;,7515;12;7;5;0;5
0;0;0;0;0;56;12;0;1980;58;12;8,2828;30200;,6915;12;12;7,5;1;5
0;0;0;0;3;32;12;0;2352;37;7;7,0578;16600;,7215;10;7;5;0;8
0;0;0;0;1;49;7;0;1784;58;6;6,1659;11000;,7515;7;7;7,5;1;2
0;0;0;0;0;55;12;0;2500;58;12;2,7;15000;,7215;7;10;3;0;6
0;0;0;1;1;36;9;0;2088;39;14;7,6628;20528;,7215;7;7;11;0;0
0;0;0;0;3;44;12;0;4640;50;12;1,8491;13126;,7515;9;9;14;0;3
0;0;0;0;1;44;10;0;3900;60;12;3,8462;15550;,7215;7;14;7,5;1;7
0;0;0;1;2;35;14;0;1988;34;17;9,0543;18010;,7215;3;12;7,5;1;3
0;0;0;2;3;44;14;0;1920;45;10;9,375;18874;,7215;10;10;14;0;10
0;0;0;0;1;45;12;0;2400;45;12;8,3333;24800;,6615;12;12;14;1;3
0;0;0;1;0;34;12;0;1867;38;12;9,3733;17500;,6915;12;17;5;1;2
0;0;0;2;0;30;17;0;3570;32;17;4,4818;16150;,7215;12;12;7,5;1;12
0;0;0;0;1;39;8;0;2805;44;12;5,3476;15189;,7215;7;3;3;0;15
0;0;0;0;2;36;12;0;1110;39;15;3,2027;6000;,7815;7;7;14;0;5
0;0;0;0;2;38;17;0;2695;42;16;12,801;37250;,5515;10;12;9,5;1;4
0;0;0;0;0;53;12;0;1950;54;16;6,9103;27760;,6215;10;10;7,5;1;10
0;0;0;0;2;36;12;0;2128;42;12;4,2293;9090;,7715;7;7;3;0;1
0;0;0;1;1;32;12;0;3260;31;12;4,4479;14500;,7215;12;7;7,5;1;8
0;0;0;0;3;51;9;0;1987;51;12;8,0523;19700;,7215;7;7;14;1;20
0;0;0;0;0;38;11;0;2185;46;11;7,5057;16788;,6915;10;7;14;1;4
0;0;0;2;0;33;12;0;2475;36;12;7,4747;18520;,6915;10;10;11;1;7
0;0;0;0;0;54;12;0;2610;53;12;6,3218;20950;,6915;16;10;9,5;1;10
0;0;0;0;3;38;9;0;1920;44;12;2,1354;7574;,8015;7;3;11;0;3
0;0;0;2;2;30;11;0;2352;31;14;4,2092;10027;,7715;7;7;3;0;5
0;0;0;2;3;34;12;0;3160;30;12;,7595;5000;,9415;12;12;7,5;0;10
0;0;0;0;1;34;9;0;1040;37;13;4,8077;7040;,7915;12;7;3;0;0
0;0;0;0;2;50;12;0;3120;49;12;12,788;40800;,5215;10;7;7,5;1;3
0;0;0;2;0;30;17;0;2240;30;16;7,1429;16050;,7215;12;12;11;0;10
0;0;0;0;2;38;12;0;1980;42;16;15,152;33100;,5815;10;7;11;1;2
0;0;0;0;0;54;14;0;1960;58;14;7,9082;33856;,7215;12;12;9,5;1;10
0;0;0;1;2;30;12;0;2940;31;17;6,9728;20500;,6915;12;12;7,5;1;4
0;0;0;0;0;55;12;0;2467;56;11;4,9181;28600;,5815;7;7;5;1;0
0;0;0;0;1;51;10;0;2256;56;12;8,3112;18750;,6915;10;10;11;0;10
0;0;0;0;1;44;12;0;1680;46;12;7,1429;20300;,7215;7;7;9,5;1;5
0;0;0;0;0;53;12;0;2250;55;12;5,6889;13420;,7215;7;7;5;0;0
0;0;0;0;2;42;10;0;2400;49;9;7,0833;18400;,7215;3;3;5;0;0
0;0;0;0;2;38;12;0;2196;42;11;5,6922;16682;,7215;10;7;7,5;0;19
0;0;0;1;3;38;13;0;2400;40;12;11,4;32685;,6215;7;7;7,5;1;2
0;0;0;1;4;41;12;0;3825;41;11;1,4152;7050;,8015;3;3;9,5;1;12
0;0;0;0;3;35;8;0;2860;44;9;2,7507;10867;,7815;12;7;9,5;1;5
0;0;0;1;2;33;12;0;2750;34;12;6,6182;18220;,7215;12;12;9,5;1;5
0;0;0;0;0;48;13;0;2103;50;16;9,2725;26613;,6915;7;7;7,5;0;5
0;0;0;0;0;47;12;0;1880;51;12;12,287;25000;,6215;12;10;7,5;1;10
0;0;0;0;5;34;12;0;3185;41;13;2,8549;15700;,7515;7;7;7,5;1;0
0;0;0;2;1;33;13;0;2677;37;17;7,9709;40250;,5215;12;10;5;1;4
0;0;0;3;1;31;13;0;3600;36;17;19,444;73600;,4415;12;16;11;0;3
0;0;0;0;0;58;8;0;4334;58;8;1,4806;10592;,7515;12;7;7,5;1;2
0;0;0;0;0;49;12;0;2874;52;8;1,8918;8000;,7515;7;7;3;0;1
0;0;0;0;1;55;8;0;1936;56;9;6,9215;13400;,7215;7;3;7,5;1;0
0;0;0;0;0;44;14;0;1964;49;8;10,692;23700;,6615;12;12;14;1;1
0;0;0;0;0;44;9;0;1900;48;8;9,9474;18900;,6915;7;7;11;1;1
0;0;0;0;3;36;16;0;2500;37;17;19;48300;,4615;7;12;9,5;1;6
0;0;0;0;3;38;12;0;3173;46;14;7,4882;24470;,6615;14;14;9,5;1;12
0;0;0;0;3;37;16;0;2916;38;17;9,259;28630;,6215;16;7;7,5;1;6
0;0;0;0;0;47;12;0;2208;51;12;11,322;25320;,6215;12;7;5;1;9
0;0;0;0;3;47;12;0;2094;47;10;6,447;13530;,7515;12;10;7,5;1;14
0;0;0;1;1;32;12;0;2250;33;12;6,5778;14800;,7215;7;7;9;1;13
0;0;0;1;2;43;12;0;2000;46;12;6,1;17400;,7515;12;7;7,5;0;8
0;0;0;1;4;42;11;0;2600;48;10;4,2308;15980;,7815;10;10;3;0;0
0;0;0;0;0;56;12;0;4368;57;8;2,217;16576;,7215;7;7;7,5;0;1
0;0;0;0;5;38;13;0;3068;40;16;6,5189;21850;,6915;12;7;11;1;3
0;0;0;0;2;52;12;0;2218;51;11;6,4923;14600;,7215;7;7;14;1;13
0;0;0;0;0;50;12;0;1848;56;12;11,364;21600;,6615;12;12;7,5;1;3
0;0;0;0;0;33;16;0;2430;33;17;9,8765;24000;,6615;12;12;7,5;1;8
0;0;0;0;2;44;16;0;2640;44;17;7,6576;20883;,6915;7;7;7,5;1;8
0;0;0;0;1;41;12;0;2108;42;16;8,3017;19500;,6915;7;7;14;0;18
0;0;0;0;1;45;12;0;1998;45;12;14,114;42800;,6215;14;12;11;1;2
0;0;0;0;0;53;14;0;2500;55;16;16;41500;,5215;7;7;7,5;0;3
0;0;0;0;0;53;14;0;1665;56;17;11,291;18965;,6915;12;12;14;1;5
0;0;0;0;1;42;12;0;2990;46;12;2,3395;16100;,7215;12;10;9,5;1;2
0;0;0;2;0;32;13;0;1795;35;16;7,7994;14700;,7215;12;17;7,5;1;10
0;0;0;0;0;56;12;0;2500;53;12;6;18800;,7215;7;7;7,5;1;30
0;0;0;1;3;37;11;0;2205;40;11;6,6893;14750;,7515;10;7;11;1;1
0;0;0;1;2;40;12;0;2460;42;14;8,5366;21000;,6915;12;7;14;1;5
0;0;0;0;3;54;15;0;1880;55;16;13,83;35400;,6215;0;7;7,5;1;8
0;0;0;0;0;53;7;0;3481;53;9;1,48;10700;,7515;7;7;7,5;0;0
0;0;0;0;1;48;12;0;2450;51;12;8,5714;24500;,6615;7;7;9,5;1;4
0;0;0;1;2;36;12;0;2062;38;14;8,2299;17045;,7215;7;7;9,5;1;2
0;0;0;0;0;57;12;0;2146;52;14;8,3877;18800;,6915;7;7;7,5;1;30
0;0;0;0;0;51;12;0;1575;49;7;7,3651;14000;,7215;10;7;14;1;25
0;0;0;0;4;33;13;0;3096;37;12;3,4415;18214;,7215;7;0;3;0;3
0;0;0;0;0;52;12;0;3280;49;11;3,3537;20177;,7515;7;7;7,5;1;20
0;0;0;0;0;56;10;0;1680;60;8;2,9762;8300;,7815;0;7;7,5;1;20
0;0;0;1;2;36;12;0;2625;38;11;5,181;14200;,7515;14;9;7,5;1;0
0;0;0;1;0;36;14;0;1846;50;16;10,293;21768;,6915;12;12;7,5;0;15
0;0;0;0;1;46;12;0;2178;47;10;13,243;29553;,5815;10;7;14;1;10
0;0;0;0;3;31;10;0;960;33;9;3,6458;4350;,9415;7;7;7,5;0;4
0;0;0;0;0;52;11;0;2210;51;12;10,407;24000;,6615;7;7;11;1;3
0;0;0;0;2;46;12;0;2192;55;12;8,2117;18300;,6915;7;7;7,5;1;10
0;0;0;2;0;35;12;0;1960;44;16;8,6735;17200;,7215;7;3;7,5;1;9
0;0;0;0;0;59;12;0;1920;56;10;8,3208;16476;,6915;7;7;14;0;7
0;0;0;0;1;36;8;0;2286;40;12;4,287;13400;,7515;0;0;14;0;12
0;0;0;1;3;51;7;0;2000;52;7;10,5;44988;,5215;3;3;14;0;0
0;0;0;1;0;31;16;0;2256;31;12;7,9787;18200;,6915;12;12;9;1;16
0;0;0;0;2;31;14;0;2370;36;17;11,814;28000;,6215;12;12;14;1;4
0;0;0;1;1;32;12;0;1800;39;13;6,1111;11550;,7515;12;12;7,5;1;7
0;0;0;1;2;35;16;0;2250;38;16;12,578;28450;,6215;12;7;14;1;7
0;0;0;0;3;40;12;0;1080;43;12;11,244;15096;,7515;7;10;7,5;1;14
0;0;0;1;2;33;10;0;2840;38;12;2,7408;8009;,7815;7;7;14;0;2
0;0;0;0;0;54;7;0;2250;52;11;4,4444;10040;,7515;0;0;3;1;20
0;0;0;1;1;36;12;0;2746;37;12;5,8267;16700;,7215;12;12;7,5;1;5
0;0;0;0;1;50;10;0;2300;60;8;2,3478;8400;,7815;12;7;3;0;10
0;0;0;0;0;54;8;0;2860;49;8;4,4755;13000;,7215;0;0;3;0;20
0;0;0;0;1;48;11;0;1765;49;12;8,4986;17970;,7215;7;7;7,5;1;10
0;0;0;0;4;41;15;0;2520;42;16;7,1825;18450;,7215;14;17;5;0;8
0;0;0;0;4;50;12;0;2208;53;12;10,87;31000;,6615;12;7;14;1;11
0;0;0;0;2;46;12;0;2119;51;8;7,1222;24135;,7215;10;7;7,5;1;3
0;0;0;0;1;42;13;0;2580;47;17;10,6592;31700;,5815;12;12;7,5;0;6
0;0;0;1;2;31;9;0;1984;34;12;3,2762;10190;,7915;3;3;14;0;4
0;0;0;0;0;53;12;0;1880;58;8;7,7521;21574;,7215;10;10;14;0;4
0;0;0;0;1;51;12;0;2185;57;12;11,945;26680;,6215;3;3;7,5;1;9
0;0;0;0;1;47;12;0;2080;57;12;4,6154;17700;,7515;7;9;11;1;10
0;0;0;0;1;50;12;0;1920;50;12;13,021;29400;,6215;12;12;14;1;3
0;0;0;0;1;37;6;0;3000;52;5;2,6667;22159;,7515;7;7;7,5;0;2
0;0;0;2;2;30;12;0;2100;31;12;8,8333;35000;,5815;12;12;11;0;2
0;0;0;0;0;49;12;0;1690;39;12;2,3669;8630;,7915;16;16;5;1;0
0;0;0;0;2;52;12;0;2600;49;16;5;17080;,7515;7;0;14;1;8
0;0;0;0;2;47;12;0;1984;49;16;7,4597;32500;,7215;10;7;14;1;6
0;0;0;0;0;49;12;0;2064;53;12;7,7519;16000;,7215;7;7;11;1;15
0;0;0;0;4;44;12;0;2553;31;16;5,4054;18850;,7515;12;10;14;1;15
0;0;0;0;0;53;8;0;2776;59;9;6,1239;17500;,6915;9;9;9,5;1;9
0;0;0;1;0;30;12;0;2315;31;13;8,3369;19392;,6915;7;12;14;0;8
0;0;0;0;2;54;12;0;1880;55;12;7,1277;14450;,7215;7;10;7,5;1;18
0;0;0;1;1;47;7;0;2160;51;7;6,1204;21800;,6915;0;0;7,5;1;3
0;0;0;0;0;56;15;0;900;56;12;3,1111;7700;,7515;7;7;14;1;10
0;0;0;0;1;49;12;0;2467;52;16;12,161;31800;,5815;7;7;11;0;6
0;0;0;0;0;48;6;0;1820;55;12;5,3846;17258;,7515;7;7;9,5;1;20
0;0;0;0;1;49;12;0;2223;53;10;3,9838;13399;,7515;10;12;9,5;0;8
0;0;0;0;1;56;12;0;2142;60;12;7,4697;16073;,7215;12;16;11;0;3
0;0;0;0;0;46;12;0;1928;46;11;11,411;23260;,6615;7;7;7,5;1;4
0;0;0;0;2;45;12;0;2783;49;17;12,936;37300;,5515;12;12;14;1;13
0;0;0;0;2;32;12;0;1960;35;12;5,6122;11000;,7515;12;7;11;1;4
0;0;0;1;1;43;12;0;1920;41;12;6,8099;13075;,7515;7;7;14;1;17
0;0;0;1;1;34;12;0;1587;39;12;8,5066;13700;,7215;7;7;9,5;1;4
0;0;0;1;1;30;12;0;2496;51;10;5,508;25100;,6615;7;10;5;0;0
0;0;0;2;0;38;17;0;2280;39;12;7,2285;18600;,6915;12;16;5;1;15
0;0;0;1;1;33;16;0;2750;36;17;9,4545;29000;,6215;16;16;9,5;0;11
0;0;0;0;0;52;12;0;2115;55;12;8,9835;19237;,6915;7;7;9,5;1;23
0;0;0;0;3;43;11;0;2590;45;12;5,9846;19855;,7215;12;14;7,5;1;1
0;0;0;1;1;33;12;0;2372;34;12;3,9629;9450;,7515;12;7;9,5;0;5
0;0;0;0;0;45;10;0;2295;48;12;7,0575;30000;,5815;7;7;7,5;0;1
0;0;0;2;1;36;10;0;2096;38;12;7,1565;15000;,7215;10;10;14;1;5
0;0;0;1;1;34;12;0;3315;39;17;4,0145;24701;,6615;12;12;9,5;1;3
0;0;0;0;2;37;14;0;1777;50;16;3,8829;15900;,7215;10;14;11;0;3
0;0;0;0;1;46;10;0;1880;51;12;7,9787;16240;,7215;7;7;11;0;19
0;0;0;0;0;47;12;0;2184;55;10;5,0366;21100;,7515;12;12;9,5;1;20
0;0;0;2;1;31;16;0;3250;32;16;7,0769;23000;,6615;12;12;7,5;1;5
0;0;0;0;0;57;5;0;1520;58;5;3,6184;6340;,7715;7;7;14;0;0
0;0;0;1;1;30;12;0;3119;30;13;13,466;42250;,4915;10;10;5;1;3
0;0;0;0;0;30;12;0;640;43;17;14,531;14694;,7215;12;10;11;1;3
0;0;0;0;3;44;12;0;2250;45;12;6,8;21417;,7215;12;12;9,5;1;7
0;0;0;0;0;53;13;0;3000;53;13;6,6667;20200;,6615;7;12;7,5;1;7
0;0;0;0;0;51;8;0;2028;54;8;5,9172;12090;,7215;7;7;9,5;1;1
0;0;0;1;3;39;12;0;2412;36;14;10,24;24760;,6615;12;7;5;1;13
0;0;0;0;0;52;8;0;2452;54;12;8,1566;23000;,6915;7;3;3;0;0
0;0;0;0;4;46;8;0;2304;50;12;6,6775;19365;,7215;3;3;11;1;0
0;0;0;0;5;47;12;0;3120;49;12;,9615;5550;,9415;7;7;3;0;12
0;0;0;0;2;52;8;0;1670;54;8;16,907;68035;,4415;7;3;7,5;1;0
0;0;0;0;2;45;12;0;2137;46;15;13,57;29300;,6215;10;14;7,5;1;5
0;0;0;0;0;60;11;0;2071;52;11;8,9329;18500;,6915;7;7;7,5;1;45
0;0;0;0;2;41;13;0;1960;54;7;4,7372;22582;,7215;17;7;11;0;10
0;0;0;0;3;39;8;0;2068;45;12;8,5106;21500;,7215;7;7;7,5;1;2
0;0;0;0;1;49;12;0;2190;51;12;5,2511;28070;,7515;7;7;7,5;0;3
0;0;0;1;1;32;15;0;2295;37;13;21,786;50300;,4415;12;12;14;1;1
0;0;0;1;3;33;12;0;2970;34;13;7,9125;23500;,6615;12;12;14;1;5
0;0;0;0;4;36;10;0;2068;37;8;7,1083;15500;,7515;7;9;14;0;10
0;0;0;3;3;37;13;0;2419;39;14;5,0434;13440;,7715;7;0;5;0;4
0;0;0;1;2;30;12;0;2150;34;11;2,2442;8100;,7815;12;12;11;0;7
0;0;0;1;1;44;11;0;1152;37;10;8,5069;9800;,7515;7;12;9,5;1;9
0;0;0;0;1;48;12;0;2640;49;12;7,5758;20300;,6915;7;12;5;1;5
0;0;0;0;4;40;11;0;2550;45;11;5,8824;15000;,7515;7;7;14;1;4
0;0;0;0;0;47;13;0;1360;49;16;40,441;56100;,4415;9;9;5;1;11
0;0;0;0;2;36;12;0;2420;40;12;6,2339;22846;,7215;12;7;5;1;9
0;0;0;0;2;40;11;0;2205;42;14;9,2971;22225;,6915;7;12;5;1;4
0;0;0;0;1;46;12;0;3268;46;12;,7038;17635;,9415;12;7;7,5;1;2
0;0;0;0;0;52;12;0;3672;54;12;2,5425;18500;,6915;3;12;7,5;0;23
0;0;0;0;1;44;12;0;1800;45;12;5,0833;13390;,7515;12;12;11;0;3
0;0;0;0;1;45;10;0;1926;46;14;7,6843;15150;,7215;7;7;7,5;1;15
0;0;0;2;1;30;7;0;1920;35;7;4,0625;16200;,7815;7;3;7,5;0;8
0;0;0;1;3;40;12;0;2080;44;12;6,5106;33920;,6615;12;12;14;1;3
0;0;0;0;1;43;12;0;2856;43;12;2,951;14000;,7215;7;12;7,5;0;25
0;0;0;0;2;49;12;0;2115;53;10;5,6738;16736;,7515;12;3;11;1;2
0;0;0;1;4;46;12;0;1880;48;12;12,766;30650;,6615;12;12;11;1;0
0;0;0;0;0;52;11;0;2000;52;12;6;12400;,7515;7;7;11;0;19
0;0;0;1;1;31;12;0;2044;33;15;9,2955;19022;,6915;7;10;9,5;1;3
0;0;0;1;1;42;10;0;1677;47;11;5,1324;11203;,7515;7;7;5;0;7
0;0;0;0;3;33;11;0;2184;38;8;9,0659;19876;,6915;7;14;7,5;1;1
0;0;0;0;0;57;16;0;3185;57;13;11,931;57000;,4415;7;12;14;1;9
0;0;0;0;0;49;10;0;2680;51;10;6,7164;18290;,6915;10;10;11;1;3
0;0;0;0;1;45;14;0;3615;47;14;4,5851;20220;,6915;14;12;11;1;8
0;0;0;0;0;56;11;0;2139;56;12;9,2567;22150;,6915;7;7;14;1;0
0;0;0;1;3;41;12;0;3080;43;12;8,5656;30623;,6215;10;10;7,5;1;5
0;0;0;0;0;56;5;0;1261;53;6;6,7407;9380;,7515;3;3;14;1;20
0;0;0;0;1;48;10;0;2227;48;10;9,8788;22000;,6915;7;7;5;1;3
0;0;0;0;2;52;16;0;1920;53;16;9,375;23675;,6615;12;10;7,5;1;12
0;0;0;0;0;51;12;0;2350;55;12;6,277;33671;,7215;7;7;14;1;5
0;0;0;0;3;35;11;0;1785;39;10;6,4241;12367;,7515;7;7;7,5;0;1
0;0;0;0;0;45;12;0;2598;51;12;8,3718;21950;,6615;7;7;5;0;0
0;0;0;0;0;54;12;0;2455;58;17;12,22;32000;,5815;7;7;9,5;1;7
0;0;0;0;2;54;12;0;2450;54;13;3,5612;22610;,7215;10;10;9,5;1;13
0;0;0;1;0;31;12;0;1218;32;8;8,867;12092;,7515;7;7;3;0;3
0;0;0;0;3;53;6;0;2040;54;4;1,8515;3777;,9415;7;7;11;0;0
0;0;0;2;2;35;14;0;2600;34;14;8,0769;36000;,5515;16;14;3;0;2
0;0;0;1;3;36;12;0;2450;40;16;8,9796;26900;,6615;12;16;7,5;0;0
0;0;0;0;0;59;12;0;2717;60;12;6,6618;32242;,6615;7;7;11;1;2
0;0;0;0;0;54;16;0;2701;54;17;11,107;35020;,5815;16;17;5;1;1
0;0;0;1;1;37;12;0;2600;47;17;14,077;37600;,5515;7;7;9;1;10
0;0;0;0;0;44;12;0;3640;54;10;,4121;1500;,9415;7;7;7,5;1;10
0;0;0;1;2;34;17;0;2940;40;16;23,81;96000;,4415;12;12;5;1;1
0;0;0;0;0;49;12;0;1880;50;12;9,5745;18150;,6915;7;7;11;0;3
0;0;0;0;0;49;12;0;3500;51;12;1,9286;15500;,7215;7;7;3;0;32
0;0;0;0;0;60;9;0;3320;60;8;2,5783;14000;,7215;7;7;3;0;0
0;0;0;0;0;51;12;0;1605;55;12;7,2274;14756;,7215;7;7;7,5;1;7
0;0;0;1;1;30;12;0;2500;30;14;8,8;22000;,6615;12;10;5;1;5
0;0;0;0;2;47;12;0;2400;49;9;7,75;24466;,6615;7;7;11;1;2
0;0;0;0;4;36;12;0;1634;45;17;14,688;24400;,6615;12;12;7,5;1;5
0;0;0;1;3;35;12;0;2260;38;12;10,487;24000;,6615;7;7;9,5;1;3
0;0;0;0;0;58;12;0;3478;53;12;4,0253;15500;,7215;12;9;11;0;25
0;0;0;1;3;41;14;0;2550;42;16;11,765;30800;,6215;14;12;7,5;0;0
0;0;0;0;1;51;10;0;840;52;8;9,5238;10660;,7515;7;7;14;1;3
0;0;0;0;0;47;12;0;1520;52;12;6,9079;13350;,7215;7;7;11;0;10
0;0;0;1;2;45;9;0;1920;35;9;5,151;10090;,7515;12;3;11;0;10
0;0;0;0;0;60;14;0;2703;55;17;20,496;55600;,4415;16;14;14;1;7
0;0;0;1;1;30;16;0;1896;46;16;13,555;25700;,6615;12;12;9,5;1;5
0;0;0;0;0;55;11;0;1960;57;13;14,796;29000;,5815;7;3;5;1;15
0;0;0;1;2;32;12;0;3060;50;8;1,6905;7286;,7815;10;7;3;0;1
0;0;0;0;2;36;12;0;2805;38;12;7,2296;37752;,5215;7;7;3;0;5
0;0;0;0;0;55;12;0;1944;53;7;4,1152;13072;,7515;3;3;14;0;9
0;0;0;0;0;47;12;0;1960;47;12;2,999;7044;,7715;3;3;14;0;18
0;0;0;0;1;47;12;0;2112;52;8;8,0492;18200;,6915;7;7;14;1;1
0;0;0;0;1;37;11;0;2544;39;12;8,577;27000;,6215;12;7;3;0;0
0;0;0;0;2;50;12;0;1700;53;17;9,3235;30300;,5815;10;12;3;0;6
0;0;0;0;3;30;12;0;2550;31;12;4,7059;12000;,7515;3;7;14;0;1
0;0;0;0;1;48;17;0;2080;45;17;9,1346;31500;,6615;16;17;3;0;2
0;0;0;0;2;43;10;0;2060;49;12;7,767;27092;,7215;10;10;5;1;15
0;0;0;1;0;48;11;0;1955;46;8;4,1269;20968;,7515;7;7;3;0;25
0;0;0;1;2;41;14;0;2500;44;17;10;27000;,6615;17;7;14;1;1
0;0;0;0;0;50;12;0;2750;52;10;4,0727;11225;,7515;7;10;7,5;1;0
0;0;0;0;0;58;8;0;2040;59;5;7,8529;37700;,5815;3;3;7,5;0;0
0;0;0;0;5;38;13;0;3275;43;15;7,8168;28200;,6615;12;16;7,5;1;0
0;0;0;0;1;37;12;0;2400;39;12;9,1667;34000;,6615;7;12;5;0;8
0;0;0;0;0;50;16;0;2024;51;17;29,644;63200;,4415;12;7;9,5;1;22
0;0;0;0;4;42;8;0;1840;44;6;4,0761;7500;,7915;3;3;7,5;1;5
0;0;0;1;3;37;9;0;2033;37;17;8,362;17410;,7215;10;10;9,5;1;10
0;0;0;0;2;41;16;0;1946;40;17;12,062;51000;,4415;16;17;9;1;1
0;0;0;0;2;31;12;0;3660;31;12;2,3251;12916;,7515;10;7;3;0;1
0;0;0;0;0;51;12;0;2088;55;11;10,01;21900;,6615;7;7;5;1;6
0;0;0;1;2;36;12;0;2048;41;12;5,2734;17640;,7515;7;7;5;0;4
0;0;0;0;0;54;15;0;1920;52;15;10,417;20000;,6915;14;16;14;0;6
0;0;0;0;0;49;12;0;2000;54;12;7,5;15000;,7215;7;7;14;1;0
0;0;0;1;1;48;9;0;2204;47;8;6,3521;14060;,7215;10;12;5;0;1
0;0;0;0;2;42;9;0;3157;45;10;3,8071;15825;,7215;7;14;9,5;0;3
0;0;0;1;2;41;12;0;1665;44;14;9,9099;16510;,7215;3;16;9,5;1;15
0;0;0;0;0;55;16;0;2304;56;11;2,6701;13000;,7215;12;12;7,5;0;33
0;0;0;0;0;42;9;0;2275;46;8;4,3956;10000;,7515;7;7;5;1;2
0;0;0;0;1;32;15;0;2760;33;17;7,971;22000;,6615;12;12;7,5;1;1
0;0;0;0;2;43;12;0;1750;44;14;15,429;29800;,5815;7;7;7,5;1;10
0;0;0;1;3;33;12;0;3366;37;13;1,9854;15000;,7215;7;7;5;1;0
0;0;0;0;1;48;15;0;2205;51;16;7,2562;22300;,7215;10;14;9,5;1;14
0;0;0;0;2;43;12;0;1990;48;9;7,0352;14550;,7215;3;16;7,5;1;15
0;0;0;1;3;47;17;0;1930;57;16;8,1347;19730;,6915;14;12;7,5;1;15
0;0;0;0;0;54;12;0;1350;60;12;11,981;35000;,5515;12;12;7,5;1;10
0;0;0;0;1;51;12;0;3340;52;12;5,9922;21014;,6615;7;3;7,5;1;6
0;0;0;0;1;51;10;0;960;57;10;4,1458;10876;,7515;14;7;7,5;0;18
0;0;0;1;1;43;13;0;2732;42;13;8,5102;27850;,6215;12;10;7,5;0;15
0;0;0;0;0;53;12;0;1624;59;8;2,9631;9560;,7515;0;3;3;0;30
0;0;0;1;1;34;11;0;1804;36;12;8,8149;30300;,6215;7;7;7,5;0;15
0;0;0;1;1;31;8;0;2805;31;10;2,4955;7720;,7815;7;7;7,5;0;10
